"source_string","translated_string","context"
"Overview","Panoramica",""
"Billing","Fatturazione",""
"Renewal & Dates","Rinnovo e Date",""
"Currency","Valuta",""
"Current Amount","Importo attuale",""
"Current Amount Includes VAT","Importo attuale IVA inclusa",""
"Current Budget","Budget corrente",""
"Current Budget vs Actual","Budget corrente vs Effettivo",""
"Custom","Personalizzato",""
"Custom Period (Months)","Periodo personalizzato (mesi)",""
"Days Forward","Giorni in avanti",""
"Days to Renewal","Giorni al rinnovo",""
"Default Amount Includes VAT","Importo predefinito IVA inclusa",""
"Default VAT Rate","Aliquota IVA predefinita",""
"Delta Amount","Importo delta",""
"Delta Amount Includes VAT","Importo delta IVA inclusa",""
"Description","Descrizione",""
"Done","Completato",""
"Draft","Bozza",""
"Due Date","Data scadenza",""
"Effective Date","Data di effetto",""
"End Date","Data fine",""
"Expense Kind","Tipo di spesa",""
"Expired","Scaduto",""
"Excel","Excel",""
"Expired Contracts","Contratti scaduti",""
"Expired Count","Numero scaduti",""
"Fiscal Year","Anno fiscale",""
"From Date","Data iniziale",""
"Generated on","Generato il",""
"Gross Amount","Importo lordo",""
"Gross Delta Amount","Importo lordo delta",""
"Gross Planned Amount","Importo lordo previsto",""
"In Progress","In corso",""
"In Review","In revisione",""
"Insights","Approfondimenti",""
"Include Past","Includi passati",""
"Is Active","Attivo",""
"Is Group","È gruppo",""
"Is Portfolio Bucket","Bucket di portafoglio",""
"Last Year","Anno precedente",""
"Left","Sinistra",""
"Line {0} Amount","Importo riga {0}",""
"Line {0} Delta Amount","Importo delta riga {0}",""
"Line {0}: Period ({1} to {2}) has zero overlap with fiscal year {3}. Cannot save budget line with no temporal overlap.","Riga {0}: Il periodo ({1} - {2}) non si sovrappone con l'anno fiscale {3}. Impossibile salvare la riga di budget senza sovrapposizione temporale.",""
"Lines","Righe",""
"MPIT Approved Budget vs Actual","MPIT Budget approvato vs Effettivo",""
"MPIT Budget","MPIT Budget",""
"MPIT Budget Professional","MPIT Budget Professionale",""
"MPIT Budget Workflow","MPIT Budget Workflow",""
"MPIT Budget vs Actual (Approved)","MPIT Budget vs Effettivo (Approvato)",""
"MPIT Current Budget vs Actual","MPIT Budget corrente vs Effettivo",""
"MPIT Actual Entry","Voce eccezione/varianza",""
"MPIT Project","Progetto MPIT",""
"MPIT Project Professional","Progetto MPIT Professionale",""
"MPIT Projects Planned vs Actual","Progetti MPIT: Previsto vs Effettivo",""
"MPIT Renewals Window","Finestra rinnovi MPIT",""
"MPIT Renewals Window (by Month)","Rinnovi MPIT per mese",""
"Maintenance","Manutenzione",""
"Master Plan IT","Master Plan IT",""
"Master Plan IT — Overview","Panoramica Master Plan IT — Overview",""
"Milestones","Milestone",""
"Monthly","Mensile",""
"More","Altri moduli",""
"N/A","N/D",""
"Naming Preferences","Preferenze di nomenclatura",""
"Needs Clarification","Richiede chiarimenti",""
"Net Amount","Importo netto",""
"Net Delta Amount","Importo netto delta",""
"Net Planned Amount","Importo netto previsto",""
"Next Renewal","Prossimo rinnovo",""
"Next Renewal Date","Prossima data di rinnovo",""
"No MPIT Year covers posting date {0}. Create year {1} or set start/end dates that include the date.","Nessun Anno MPIT copre la data {0}. Crea l'anno {1} o imposta date di inizio/fine che includano la data.",""
"No data available","Nessun dato disponibile",""
"No renewals in this window","Nessun rinnovo in questa finestra",""
"None","Nessuna",""
"Normal","Normale",""
"Note","Nota",""
"Notes","Note",""
"Notice Days","Giorni di preavviso",""
"OPEX","OPEX",""
"Old Parent","Vecchio genitore",""
"On Hold","In sospeso",""
"One-off","Una tantum",""
"Other","Altro",""
"Owner","Proprietario",""
"Owner User","Utente proprietario",""
"Pending Renewal","In attesa di rinnovo",""
"Period End Date","Data fine periodo",""
"Period Start Date","Data inizio periodo",""
"Planned","Previsto",""
"Planned Amount","Importo previsto",""
"Planned Amount Includes VAT","Importo previsto IVA inclusa",""
"Planned Gross","Lordo previsto",""
"Planned Net","Netto previsto",""
"Planning","Pianificazione",""
"Portfolio Warning Threshold %","Soglia di avviso portafoglio %",""
"Posting Date","Data di registrazione",""
"Posting Date is required to derive MPIT Year.","La data di registrazione è obbligatoria per ricavare l'anno MPIT.",""
"Print Preferences","Preferenze di stampa",""
"Printed on","Stampato il",""
"Project","Progetto",""
"Project Prefix","Prefisso progetto",""
"Project Sequence Digits","Cifre sequenza progetto",""
"Projects","Progetti",""
"Projects: Planned vs Actual","Progetti: Previsto vs Effettivo",""
"Quick Actions","Azioni rapide",""
"Propose","Proponi",""
"Proposed","Proposto",""
"Quarterly","Trimestrale",""
"Quote Date","Data preventivo",""
"Quote {0} Amount","Importo preventivo {0}",""
"Quotes","Preventivi",""
"Reason","Motivazione",""
"Received","Ricevuto",""
"Recorded","Registrato",""
"Recurrence","Ricorrenza",""
"Recurrence Rule","Regola di ricorrenza",""
"Reject","Rifiuta",""
"Rejected","Respinto",""
"Renewal Window Days","Giorni finestra rinnovo",""
"Renewals","Rinnovi",""
"Renewals 30d","Rinnovi 30g",""
"Renewals 60d","Rinnovi 60g",""
"Renewals 90d","Rinnovi 90g",""
"Renewed","Rinnovato",""
"Resubmit","Reinvia",""
"Right","Destra",""
"Send to Review","Invia in revisione",""
"Setup & Planning","Configurazione e pianificazione",""
"Setup","Impostazioni",""
"Show Attachments in Print","Mostra allegati in stampa",""
"Soon","Presto",""
"Start Date","Data inizio",""
"Status","Stato",""
"Subscription","Abbonamento",""
"Title","Titolo",""
"Total Amount Input","Somma importi inseriti",""
"Total Gross","Totale lordo",""
"Total Gross Amount","Importo lordo totale",""
"Total Net","Totale netto",""
"Total Net Amount","Importo netto totale",""
"Total Planned Net","Totale netto previsto",""
"Total Quotes Gross","Totale lordo preventivi",""
"Total VAT","Totale IVA",""
"Total VAT Amount","Importo totale IVA",""
"Totals","Totali",""
"Upcoming (<= {0} days)","In scadenza (≤ {0} giorni)",""
"Urgent","Urgente",""
"User","Utente",""
"VAT %","% IVA",""
"VAT Amount","Importo IVA",""
"VAT Defaults","Impostazioni IVA predefinite",""
"VAT Delta Amount","Importo IVA delta",""
"VAT ID","Partita IVA",""
"VAT Included?","IVA Inclusa?",""
"VAT Planned Amount","Importo IVA previsto",""
"VAT Rate","Aliquota IVA",""
"Validated","Validato",""
"Variance","Scostamento",""
"Variance (Actual - Budget)","Scostamento (Effettivo - Budget)",""
"Variance (Actual - Current)","Scostamento (Effettivo - Corrente)",""
"Variance (Actual - Planned)","Scostamento (Effettivo - Previsto)",""
"Vendor","Fornitore",""
"Vendor Name","Nome fornitore",""
"Vendor Quotes","Preventivi fornitori",""
"Vendors","Fornitori",""
"Verified","Verificato",""
"Workflow State","Stato workflow",""
"Year","Anno",""
"Year is required to generate Budget name","Anno obbligatorio per generare il nome del budget",""
"Yearly","Annuale",""
"Yes","Sì",""
"at","alle",""
"by","da",""
"vCIO Manager","vCIO Manager",""
"{0} is non-zero but no VAT rate is specified. Please set a VAT rate on this row or configure a default VAT rate in MPIT Settings.","{0} è diverso da zero ma non è stata specificata alcuna aliquota IVA. Imposta un'aliquota IVA su questa riga o configura un'aliquota IVA predefinita nelle Impostazioni MPIT.",""
"Enter the year identifier (e.g. 2025).","Inserisci l'identificativo dell'anno (es. 2025).",""
"Date when the year period starts.","Data di inizio del periodo annuale.",""
"Date when the year period ends.","Data di fine del periodo annuale.",""
"Enter the category name.","Inserisci il nome della categoria.",""
"Select the parent category.","Seleziona la categoria padre.",""
"Enter numeric order for sorting categories.","Inserisci l'ordinamento numerico delle categorie.",""
"Calculated automatically for tree positioning.","Calcolato automaticamente per la posizione nell'albero.",""
"Previous parent category captured during moves.","Categoria padre precedente registrata durante gli spostamenti.",""
"Parent category used by tree view.","Categoria padre usata dalla vista ad albero.",""
"Enter the vendor name.","Inserisci il nome del fornitore.",""
"Enter the vendor VAT ID.","Inserisci la partita IVA del fornitore.",""
"Enter the main contact email.","Inserisci l'e-mail di contatto principale.",""
"Enter the main contact phone number.","Inserisci il numero di telefono di contatto.",""
"Add internal notes about the vendor.","Aggiungi note interne sul fornitore.",""
"Select the default currency for Master Plan IT calculations.","Seleziona la valuta predefinita per i calcoli di Master Plan IT.",""
"Days before renewal dates treated as the renewal window.","Giorni prima delle date di rinnovo considerati nella finestra di rinnovo.",""
"Enter the milestone title.","Inserisci il titolo della milestone.",""
"Date when the milestone is due.","Data di scadenza della milestone.",""
"Choose the milestone status.","Seleziona lo stato della milestone.",""
"Date when the milestone was accepted.","Data in cui la milestone è stata accettata.",""
"Add notes about the milestone.","Aggiungi note sulla milestone.",""
"Upload any supporting attachment.","Carica eventuali allegati di supporto.",""
"Select the year for this allocation.","Seleziona l'anno per questa allocazione.",""
"Enter the planned amount for this year.","Inserisci l'importo previsto per questo anno.",""
"VAT rate applied to the planned amount.","Aliquota IVA applicata all'importo previsto.",""
"Calculated automatically from planned amount and VAT settings.","Calcolato automaticamente dall'importo previsto e dalle impostazioni IVA.",""
"Select the vendor providing the quote.","Seleziona il fornitore che ha inviato il preventivo.",""
"Enter the quoted amount.","Inserisci l'importo preventivato.",""
"Date when the quote was received.","Data in cui è stato ricevuto il preventivo.",""
"Upload the quote document.","Carica il documento del preventivo.",""
"Choose the quote status.","Seleziona lo stato del preventivo.",""
"VAT rate applied to the quote amount.","Aliquota IVA applicata all'importo preventivato.",""
"Enter the project title.","Inserisci il titolo del progetto.",""
"Add a brief description of the project.","Aggiungi una breve descrizione del progetto.",""
"Choose the project status; at least one allocation is required before approval or later states.","Seleziona lo stato del progetto; è necessaria almeno un'allocazione prima degli stati approvati o successivi.",""
"Date when the project starts.","Data di inizio del progetto.",""
"Date when the project ends.","Data di fine del progetto.",""
"Select the project owner.","Seleziona il responsabile del progetto.",""
"Add one or more allocations with year and planned amount.","Aggiungi una o più allocazioni con anno e importo previsto.",""
"Add vendor quotes for this project.","Aggiungi i preventivi dei fornitori per il progetto.",""
"Add project milestones.","Aggiungi le milestone del progetto.",""
"Select the user these preferences apply to.","Seleziona l'utente a cui si applicano queste preferenze.",""
"Prefix used when generating budget names.","Prefisso usato durante la generazione dei nomi dei budget.",""
"Number of digits for budget sequence numbers.","Numero di cifre per la numerazione dei budget.",""
"Prefix used when generating project names.","Prefisso usato durante la generazione dei nomi dei progetti.",""
"Number of digits for project sequence numbers.","Numero di cifre per la numerazione dei progetti.",""
"Select the budget being amended.","Seleziona il budget oggetto dell'emendamento.",""
"Date when this amendment takes effect.","Data in cui questo emendamento entra in vigore.",""
"Describe why the budget is being amended.","Descrivi perché il budget viene emendato.",""
"Add amendment lines detailing the changes.","Aggiungi le righe di emendamento con le modifiche.",""
"Reference to the original amendment this document was copied from.","Riferimento all'emendamento originale da cui è stato copiato questo documento.",""
"Select the category for this change.","Seleziona la categoria per questa modifica.",""
"Select the vendor linked to this change.","Seleziona il fornitore collegato a questa modifica.",""
"Describe the change captured by this line.","Descrivi la modifica apportata da questa riga.",""
"Enter the adjustment amount for this line.","Inserisci l'importo di variazione per questa riga.",""
"Add an internal note for this line.","Aggiungi una nota interna per questa riga.",""
"VAT rate applied to the adjustment.","Aliquota IVA applicata all'importo di variazione.",""
"Calculated automatically from delta amount and VAT settings.","Calcolato automaticamente dall'importo di variazione e dalle impostazioni IVA.",""
"Calculated automatically as the VAT portion of the delta.","Calcolato automaticamente come quota IVA della variazione.",""
"Calculated automatically as the gross delta amount.","Calcolato automaticamente come importo lordo della variazione.",""
"Select the budget year.","Seleziona l'anno del budget.",""
"Enter a short budget title.","Inserisci un titolo breve per il budget.",""
"Workflow status set by the approval process.","Stato del workflow impostato dal processo di approvazione.",""
"Calculated automatically as the sum of line amounts.","Calcolato automaticamente come somma degli importi delle righe.",""
"Calculated automatically as the sum of line VAT amounts.","Calcolato automaticamente come somma degli importi IVA delle righe.",""
"Calculated automatically as the sum of net amounts.","Calcolato automaticamente come somma degli importi netti.",""
"Calculated automatically as the sum of gross amounts.","Calcolato automaticamente come somma degli importi lordi.",""
"Reference to the original budget this document was amended from.","Riferimento al budget originale da cui questo documento è stato emendato.",""
"Select the budget category.","Seleziona la categoria di budget.",""
"Select the vendor for this line.","Seleziona il fornitore per questa riga.",""
"Link to the baseline expense this line is based on.","Collega la spesa di baseline su cui si basa questa riga.",""
"Describe this budget line.","Descrivi questa riga di budget.",""
"Enter the budgeted amount; use net or gross per the VAT setting.","Inserisci l'importo di budget; usa netto o lordo secondo l'impostazione IVA.",""
"Choose whether the cost is CAPEX or OPEX.","Scegli se il costo è CAPEX o OPEX.",""
"Choose how this amount recurs for annualization.","Scegli come questo importo si ripete per l'annualizzazione.",""
"Start date of the period used to calculate overlap with the budget year.","Data di inizio del periodo usata per calcolare la sovrapposizione con l'anno di budget.",""
"End date of the period used to calculate overlap with the budget year.","Data di fine del periodo usata per calcolare la sovrapposizione con l'anno di budget.",""
"Select the year this expense belongs to.","Seleziona l'anno a cui appartiene questa spesa.",""
"Date when the baseline expense is recorded.","Data di registrazione della spesa di baseline.",""
"Select the expense category.","Seleziona la categoria della spesa.",""
"Select the vendor for this expense.","Seleziona il fornitore per questa spesa.",""
"Describe the baseline expense.","Descrivi la spesa di baseline.",""
"Enter the expense amount; use net or gross per the VAT setting.","Inserisci l'importo della spesa; usa netto o lordo secondo l'impostazione IVA.",""
"Current review status of this expense.","Stato di revisione corrente di questa spesa.",""
"Choose how this expense recurs for annualization.","Scegli come questa spesa si ripete per l'annualizzazione.",""
"Number of months per cycle when using a Custom recurrence.","Numero di mesi per ciclo quando si usa una ricorrenza personalizzata.",""
"Start date of the period used to calculate overlap with the year.","Data di inizio del periodo usata per calcolare la sovrapposizione con l'anno.",""
"End date of the period used to calculate overlap with the year.","Data di fine del periodo usata per calcolare la sovrapposizione con l'anno.",""
"Calculated automatically as the annualized net amount.","Calcolato automaticamente come importo netto annualizzato.",""
"Calculated automatically as the annualized VAT amount.","Calcolato automaticamente come importo IVA annualizzato.",""
"Calculated automatically as the annualized gross amount.","Calcolato automaticamente come importo lordo annualizzato.",""
"Enter the contract title.","Inserisci il titolo del contratto.",""
"Select the vendor for this contract.","Seleziona il fornitore per questo contratto.",""
"Select the category for this contract.","Seleziona la categoria per questo contratto.",""
"Choose the billing cycle for this contract.","Scegli il ciclo di fatturazione per questo contratto.",""
"Date when the contract starts.","Data di inizio del contratto.",""
"Date when the contract ends.","Data di fine del contratto.",""
"Next renewal date for this contract.","Prossima data di rinnovo per questo contratto.",""
"Number of notice days required before renewal.","Numero di giorni di preavviso richiesti prima del rinnovo.",""
"Enter the current contract amount; use net or gross per the VAT setting.","Inserisci l'importo corrente del contratto; usa netto o lordo secondo l'impostazione IVA.",""
"Choose the current contract status.","Seleziona lo stato attuale del contratto.",""
"Select the contract owner.","Seleziona il responsabile del contratto.",""
"Link to the baseline expense that created this contract.","Collega la spesa di baseline che ha creato questo contratto.",""
"Add internal notes about the contract.","Aggiungi note interne sul contratto.",""
"Upload the contract file.","Carica il file del contratto.",""
"VAT rate applied to the current amount.","Aliquota IVA applicata all'importo corrente.",""
"Calculated automatically from current amount and VAT settings.","Calcolato automaticamente dall'importo corrente e dalle impostazioni IVA.",""
"Posting date for the entry; used to derive the MPIT Year.","Data di registrazione; usata per derivare l'anno MPIT.",""
"Derived MPIT Year based on the posting date.","Anno MPIT derivato in base alla data di registrazione.",""
"Select the category for this entry.","Seleziona la categoria per questa registrazione.",""
"Select the vendor involved in this entry.","Seleziona il fornitore coinvolto in questa registrazione.",""
"Select the budget this entry relates to.","Seleziona il budget a cui si riferisce questa registrazione.",""
"Enter the actual amount; use net or gross per the VAT setting.","Inserisci l'importo effettivo; usa netto o lordo secondo l'impostazione IVA.",""
"Describe the actual entry.","Descrivi la registrazione effettiva.",""
"Choose whether the entry is recorded or verified.","Scegli se la registrazione è registrata o verificata.",""
"VAT rate applied to the amount.","Aliquota IVA applicata all'importo.",""
"Calculated automatically from amount and VAT settings.","Calcolato automaticamente dall'importo e dalle impostazioni IVA.",""
"Calculated automatically as the VAT portion.","Calcolato automaticamente come quota IVA.",""
"Calculated automatically as the gross amount.","Calcolato automaticamente come importo lordo.",""
"If enabled, attachments are shown on print formats.","Se abilitato, gli allegati vengono mostrati nei formati di stampa.",""
"If enabled, category can contain child categories.","Se abilitato, la categoria può contenere sottocategorie.",""
"If enabled, new amounts default to VAT-inclusive.","Se abilitato, i nuovi importi sono predefiniti come IVA inclusa.",""
"If enabled, the adjustment amount includes VAT.","Se abilitato, l'importo di variazione include l'IVA.",""
"If enabled, the amount includes VAT.","Se abilitato, l'importo include l'IVA.",""
"If enabled, the budget line is active.","Se abilitato, la riga di budget è attiva.",""
"If enabled, the category is active for use.","Se abilitato, la categoria è attiva per l'uso.",""
"If enabled, the contract renews automatically.","Se abilitato, il contratto si rinnova automaticamente.",""
"If enabled, the current amount includes VAT.","Se abilitato, l'importo corrente include l'IVA.",""
"If enabled, the planned amount includes VAT.","Se abilitato, l'importo previsto include l'IVA.",""
"If enabled, the vendor is active for selection.","Se abilitato, il fornitore è attivo per la selezione.",""
"If enabled, the year is active for planning.","Se abilitato, l'anno è attivo per la pianificazione.",""
"Add budget lines for categories, vendors, and amounts.","Aggiungi righe di budget con categorie, fornitori e importi.",""
"Choose the contract type (contract, subscription, renewal, or maintenance).","Scegli il tipo di contratto (contratto, abbonamento, rinnovo o manutenzione).",""
"Choose the expense kind (one-off, subscription, renewal, or contract).","Scegli il tipo di spesa (una tantum, abbonamento, rinnovo annuale o contratto).",""
"Contract end date, if relevant.","Data di fine del contratto, se rilevante.",""
"Contract start date, if relevant.","Data di inizio del contratto, se rilevante.",""
"Default VAT rate for new entries (leave blank for no default, 0 is valid)","Aliquota IVA predefinita per nuove registrazioni (lascia vuoto per nessun valore predefinito, 0 è valido)",""
"Reference to the related budget line, if applicable.","Riferimento alla riga di budget collegata, se applicabile.",""
"Select the related contract, if applicable.","Seleziona il contratto collegato, se applicabile.",""
"Select the related project, if applicable.","Seleziona il progetto collegato, se applicabile.",""
"Variance / Allowance entries (Verified only count).","Voci di eccezione/spesa plafond (contano solo le Verificate).",""
"Exceptions / Allowance Entries","Eccezioni / Spese plafond",""
"Baseline vs Exceptions","Baseline vs Eccezioni",""
"Monthly Plan vs Exceptions","Piano mensile vs Eccezioni",""
"Projects Planned vs Exceptions","Progetti pianificati vs Eccezioni",""
"Current Plan vs Exceptions","Piano corrente vs Eccezioni",""
"MPIT Baseline vs Exceptions","MPIT Baseline vs Eccezioni",""
"MPIT Current Plan vs Exceptions","MPIT Piano corrente vs Eccezioni",""
"MPIT Monthly Plan vs Exceptions","MPIT Piano mensile vs Eccezioni",""
"MPIT Projects Planned vs Exceptions","MPIT Progetti pianificati vs Eccezioni",""
"Delta links contract/project; Allowance Spend needs cost center and no links.","Delta richiede contratto o progetto; Spesa plafond richiede centro di costo e nessun collegamento.",""
"Currency is required. Please set a Currency on MPIT Settings.","La valuta è obbligatoria. Impostare una valuta in Impostazioni MPIT.",""
"Spread and rate schedule cannot both be set.","Il piano di dilazione e il calendario tariffe non possono essere entrambi impostati.",""
"Rate row is missing effective_from.","Nella riga tariffa manca effective_from.",""
"Rate schedule must be strictly increasing by effective_from (no duplicates or overlaps).","Il calendario tariffe deve essere ordinato in modo crescente per effective_from (senza duplicati o sovrapposizioni).",""
"Rate Amount","Importo tariffa",""
"Currency is required. Please create at least one Currency and set MPIT Settings.","La valuta è obbligatoria. Creare almeno una valuta e impostare Impostazioni MPIT.",""
"Generated line {0} is read-only (field {1}).","La riga generata {0} è in sola lettura (campo {1}).",""
"Select a Contract or a Project (not both).","Seleziona un contratto o un progetto (non entrambi).",""
"Exceptions (Verified)","Eccezioni (Verificate)",""
"Snapshot (APP)","Snapshot (Approvato)",""
"Addendum Total","Totale Addendum",""
"Over Cap","Oltre il Plafond",""
"Source","Sorgente",""
"Year is required","Anno richiesto",""
"budget_a is required","budget_a è obbligatorio",""
"budget_b is required","budget_b è obbligatorio",""
"budget_a and budget_b must be different budgets","budget_a e budget_b devono essere budget diversi",""
"group_by must be either 'CostCenter+Vendor' or 'CostCenter'","group_by deve essere 'CostCenter+Vendor' o 'CostCenter'",""
"Budget A Annual Net","Budget A Netto Annuale",""
"Budget B Annual Net","Budget B Netto Annuale",""
"Delta Annual (B - A)","Delta Annuale (B - A)",""
"Budget A Monthly Eq","Budget A Equivalente Mensile",""
"Budget B Monthly Eq","Budget B Equivalente Mensile",""
"Delta Monthly Eq","Delta Equivalente Mensile",""
"Budget A","Budget A",""
"Budget B","Budget B",""
"Delta (B - A)","Delta (B - A)",""
"Total","Totale",""
"Jan","Gen",""
"Feb","Feb",""
"Mar","Mar",""
"Apr","Apr",""
"May","Mag",""
"Jun","Giu",""
"Jul","Lug",""
"Aug","Ago",""
"Sep","Set",""
"Oct","Ott",""
"Nov","Nov",""
"Dec","Dic",""
"Planned Items","Elementi previsti",""
"% Variance","% Scostamento",""
"No MPIT Year found. Please create one or set the Year filter.","Nessun anno MPIT trovato. Crearne uno o impostare il filtro Anno.",""
"Project Status","Stato Progetto",""
"Plan (Live)","Piano (Live)",""
"Cap","Plafond",""
"Remaining","Rimanente",""
"% Used","% Utilizzato",""
"Planned (Net)","Previsto (Netto)",""
"Delta","Delta",""
"Cost Center","Centro di Costo",""
"Brief description of the quote.","Breve descrizione del preventivo.",""
"Brief description (optional).","Descrizione sintetica (opzionale).",""
"Link the Planned Item this contract covers (prevents double counting).","Collega il Planned Item che questo contratto copre (esclude doppio conteggio).",""
"Operational status.","Stato operativo.",""
"Cost Center (Caps/Reporting).","Cost Center di imputazione (caps/report).",""
"Contract start date.","Data inizio contratto.",""
"Contract end date.","Data fine contratto.",""
"Auto-renew with notice.","Rinnovo automatico con notice.",""
"Next renewal date (auto if missing).","Prossima data rinnovo (auto se mancante).",""
"Recurring amount and billing cycle.","Importo ricorrente e cadenza di fatturazione.",""
"Current amount for the chosen cycle (net or gross per VAT flag).","Importo corrente per la cadenza scelta (netto o lordo in base al flag IVA).",""
"If enabled, amount includes VAT (net/calcs adjusted automatically).","Se selezionato, l'importo include IVA (netto/calcoli adeguati automaticamente).",""
"VAT Rate applied to current amount (uses user default if empty).","Aliquota IVA applicata all'importo corrente (usa il default dell'utente se vuoto).",""
"Billing cycle for the current amount.","Cadenza di fatturazione per l'importo corrente.",""
"Monthly (Net) equivalent calculated based on amount/cycle or spread. Empty if using rate schedule.","Equivalente mensile (netto) calcolato in base a importo/cadenza o spread. Vuoto se usi una rate schedule.",""
"Auto-calculated (Net).","Calcolo automatico (net).",""
"Auto-calculated VAT.","Calcolo automatico IVA.",""
"Auto-calculated Gross.","Calcolo automatico lordo.",""
"Unique Document ID (name).","ID univoco del documento (name).",""
"Project Title.","Titolo del progetto.",""
"Status (requires at least one allocation for Approved+).","Stato (richiede almeno una allocation per Approved+).",""
"Main Cost Center (Report/Cap).","Cost Center principale (report/cap).",""
"Start Date (requires end_date if set).","Data inizio (richiede end_date se valorizzata).",""
"End Date (>= start).","Data fine (>= start).",""
"Brief notes on scope.","Note sintetiche sul perimetro.",""
"Posting Date (derives MPIT Year).","Data registrazione (deriva l'MPIT Year).",""
"Derived MPIT Year.","MPIT Year derivato.",""
"Recorded or Verified (only vCIO can revert).","Recorded o Verified (solo vCIO può revert).",""
"Delta = contract/project, Allowance Spend = cost center (no link).","Delta = contract/project, Allowance Spend = cost center (nessun link).",""
"Motivation / note (required for negative allowance).","Motivazione / nota (richiesta per allowance negativa).",""
"Amount (net or gross per flag).","Importo (netto o lordo secondo flag).",""
"Links (choose one source only)","Links (scegli una sola fonte)",""
"For Delta: link a Contract (or a Project).","Per Delta: collega un Contract (oppure un Project).",""
"For Delta: link a Project (or a Contract).","Per Delta: collega un Project (oppure un Contract).",""
"If present, Actual covers the Planned Item and excludes it from budget.","Se presente, l'Actual copre il Planned Item e lo esclude dal budget.",""
"For Allowance Spend: choose cost center (auto from Contract/Project if present).","Per Allowance Spend: scegli il cost center (auto da Contract/Project se presenti).",""
"Short title (e.g. \2025 Forecast\"").""","Titolo sintetico (es. \2025 Forecast\"").""",""
"Visible status (Draft/Proposed/In Review/Approved for Snapshot; Active/Closed for Live).","Stato visibile (Draft/Proposed/In Review/Approved per Snapshot; Active/Closed per Live).",""
"Lines from sources (contracts/projects) + manual (Allowance cap per cost center).","Righe da fonti (contracts/projects) + manuali (Allowance cap per cost center).",""
"Abbreviation","Abbreviation",""
"Actions","Actions",""
"Actual","Actual",""
"Actual (Verified)","Actual (Verified)",""
"Actual Entries","Actual Entries",""
"Actual Entries (Verified)","Actual Entries (Verified)",""
"Actual Entries by Status","Voci effettive per stato",""
"Actual: {0}","Actual: {0}",""
"Addendum","Addendum",""
"Addendums (Approved)","Addendum (Approvati)",""
"Admin","Amministrazione",""
"Advanced","Avanzate",""
"Allowance Spend cannot link a contract or project.","La spesa plafond non può essere collegata a un contratto o progetto.",""
"Amended From","Emendato da",""
"Amount","Importo",""
"Amount Includes VAT","Importo include IVA",""
"Amounts & VAT","Importi e IVA",""
"Amounts Include VAT","Importi includono IVA",""
"Annual Amount","Importo annuale",""
"Annual Gross","Lordo annuale",""
"Annual Net","Netto annuale",""
"Annual VAT","IVA annuale",""
"Annual amount. Enter here OR in Monthly Amount - the other will be calculated.","Importo annuale. Inserisci qui O in Importo mensile - l'altro verrà calcolato.",""
"Annual delta (Cap) - can be negative.","Delta annuale (Plafond) - può essere negativo.",""
"Annualized Totals","Totali annualizzati",""
"Approved status is reserved for Snapshot budgets.","Lo stato Approvato è riservato ai budget Snapshot.",""
"Attachment","Allegato",""
"Auto Renew","Rinnovo automatico",""
"Auto Renew Only","Solo rinnovo automatico",""
"Auto-created Live budget for year {0} (auto-refresh event).","Budget Live creato automaticamente per l'anno {0} (evento auto-refresh).",""
"Auto-refresh skipped: year {0} is closed.","Auto-refresh saltato: l'anno {0} è chiuso.",""
"Billing Cycle","Ciclo di fatturazione",""
"Budget Addendums","Addendum Budget",""
"Budget Diff","Differenza Budget",""
"Budget Digits","Cifre Budget",""
"Budget Prefix","Prefisso Budget",""
"Budget Summary","Riepilogo Budget",""
"Budget Summary — Year {0}","Riepilogo Budget — Anno {0}",""
"Budget Totals","Totali Budget",""
"Budget Type","Tipo di Budget",""
"Budget name is required","Il nome del budget è obbligatorio",""
"Budget naming requires year parameter (Budget.year field)","La denominazione del budget richiede il parametro anno (campo Budget.year)",""
"Budget refreshed from sources.","Budget aggiornato dalle fonti.",""
"Budget type (Live or Snapshot).","Tipo di budget (Live o Snapshot).",""
"Budgets","Budget",""
"Budgets (Live)","Budget (Live)",""
"Budgets (Snapshot)","Budget (Snapshot)",""
"Budgets by Type","Budget per Tipo",""
"Calculated automatically as the sum of annual amounts.","Calcolato automaticamente come somma degli importi annuali.",""
"Calculated automatically as the sum of monthly amounts.","Calcolato automaticamente come somma degli importi mensili.",""
"Calculated automatically: annual amount net of VAT.","Calcolato automaticamente: importo annuale al netto dell'IVA.",""
"Cap: {0} (Allowance {1} + Addendum {2})","Plafond: {0} (Allowance {1} + Addendum {2})",""
"Change Year","Cambia Anno",""
"Chiave generata (solo lettura).","Chiave generata (solo lettura).",""
"Confronto tra due budget","Confronto tra due budget",""
"Contact Email","Email di contatto",""
"Contact Phone","Telefono di contatto",""
"Contract","Contratto",""
"Contract (Delta)","Contratto (Delta)",""
"Contract Digits","Cifre Contratto",""
"Contract Prefix","Prefisso Contratto",""
"Contract {0} is missing Cost Center. Please set it to include in Forecast.","Il contratto {0} non ha un Centro di Costo. Impostarlo per includerlo nella previsione.",""
"Contracts","Contratti",""
"Contracts by Status","Contratti per Stato",""
"Contratti in scadenza","Contratti in scadenza",""
"Cost Center (Allowance)","Centro di Costo (Allowance)",""
"Cost Center Name","Nome Centro di Costo",""
"Cost Center impacted by the cap change.","Centro di Costo impattato dalla modifica del plafond.",""
"Cost Center is required for Allowance Spend.","Il Centro di Costo è obbligatorio per la Spesa Plafond.",""
"Cost Center is required for contracts.","Il Centro di Costo è obbligatorio per i contratti.",""
"Cost Center is required on Project.","Il Centro di Costo è obbligatorio sul Progetto.",""
"Cost Center {0} is missing tree bounds (lft/rgt).","Il Centro di Costo {0} manca dei limiti dell'albero (lft/rgt).",""
"Cost Centers","Centri di Costo",""
"Cost center consigliato (obbligatorio di fatto per allowance caps).","Cost center consigliato (obbligatorio di fatto per allowance caps).",""
"Count","Conteggio",""
"Coverage","Copertura",""
"Covered","Coperto",""
"Covered By","Coperto da",""
"Covered By Type","Tipo Coperto da",""
"Covered By Type is required when setting Covered By.","Il Tipo Coperto da è richiesto quando si imposta Coperto da.",""
"Covered By requires a linked document.","Coperto da richiede un documento collegato.",""
"Covered by {0} {1}","Coperto da {0} {1}",""
"Create Addendum","Crea Addendum",""
"Create Live Budget","Crea Budget Live",""
"Create Planned Item","Crea Voce Pianificata",""
"Create Snapshot","Crea Snapshot",""
"Created from Live budget {0}.","Creato dal budget Live {0}.",""
"Default VAT rate for new entries (leave blank for no default, 0 is valid for zero-rated items).","Aliquota IVA predefinita per nuove voci (lasciare vuoto per nessun default, 0 è valido).",""
"Delta Amount (Annual)","Importo Delta (Annuale)",""
"Delta entries must link to contract XOR project.","Le voci Delta devono collegare un contratto O un progetto (XOR).",""
"Delta entries require a contract or a project.","Le voci Delta richiedono un contratto o un progetto.",""
"Delta vs Planned","Delta vs Previsto",""
"Delta vs Quoted","Delta vs Preventivato",""
"Description is required for negative allowance spend entries.","La descrizione è obbligatoria per le voci di spesa plafond negative.",""
"Descrizione sintetica.","Descrizione sintetica.",""
"Digits for Budget sequence numbers.","Cifre per i numeri di sequenza Budget.",""
"Digits for Contract sequence numbers.","Cifre per i numeri di sequenza Contratto.",""
"Digits for Exceptions / Allowance sequence numbers.","Cifre per i numeri di sequenza Eccezioni / Allowance.",""
"Digits for Project sequence numbers.","Cifre per i numeri di sequenza Progetto.",""
"Distribution","Distribuzione",""
"Distribution must be one of: all, start, end.","La distribuzione deve essere una tra: all, start, end.",""
"Document ID","ID Documento",""
"Document Naming","Denominazione Documenti",""
"End Date cannot be before Start Date.","La data di fine non può essere precedente alla data di inizio.",""
"Entry Kind","Tipo Voce",""
"Entry Kind must be Delta or Allowance Spend.","Il Tipo Voce deve essere Delta o Spesa Plafond.",""
"Exceptions / Allowance Digits","Cifre Eccezioni / Allowance",""
"Exceptions / Allowance Prefix","Prefisso Eccezioni / Allowance",""
"Execution","Esecuzione",""
"Expected (Plan + Exceptions)","Atteso (Piano + Eccezioni)",""
"Expected Total (Net)","Totale Atteso (Netto)",""
"Expected total (quoted if present, otherwise planned).","Totale atteso (preventivato se presente, altrimenti pianificato).",""
"Failed to create snapshot: ","Impossibile creare snapshot: ",""
"Financial Summary","Riepilogo Finanziario",""
"Financials","Dati Finanziari",""
"Flags","Flag",""
"Fornitore (opzionale).","Fornitore (opzionale).",""
"General Defaults","Impostazioni Generali",""
"Gentile utente,

Il contratto <b>{{ doc.title }}</b> (fornitore: {{ doc.vendor }}, categoria: {{ doc.category }}) sarà rinnovato automaticamente il <b>{{ doc.next_renewal_date }}</b> (notifica {{ notification.days_in_advance }} giorni prima).<br>
<a href=""{{ get_url_to_form(doc.doctype, doc.name) }}"">Apri contratto</a>

Cordiali saluti,
Master Plan IT","Gentile utente,

Il contratto <b>{{ doc.title }}</b> (fornitore: {{ doc.vendor }}, categoria: {{ doc.category }}) sarà rinnovato automaticamente il <b>{{ doc.next_renewal_date }}</b> (notifica {{ notification.days_in_advance }} giorni prima).<br>
<a href=""{{ get_url_to_form(doc.doctype, doc.name) }}"">Apri contratto</a>

Cordiali saluti,
Master Plan IT",""
"Gentile utente,

Il contratto <b>{{ doc.title }}</b> (fornitore: {{ doc.vendor }}, categoria: {{ doc.category }}) scadrà il <b>{{ doc.end_date }}</b> (notifica {{ notification.days_in_advance }} giorni prima).<br>
<a href=""{{ get_url_to_form(doc.doctype, doc.name) }}"">Apri contratto</a>

Cordiali saluti,
Master Plan IT","Gentile utente,

Il contratto <b>{{ doc.title }}</b> (fornitore: {{ doc.vendor }}, categoria: {{ doc.category }}) scadrà il <b>{{ doc.end_date }}</b> (notifica {{ notification.days_in_advance }} giorni prima).<br>
<a href=""{{ get_url_to_form(doc.doctype, doc.name) }}"">Apri contratto</a>

Cordiali saluti,
Master Plan IT",""
"Group By","Raggruppa per",""
"How often this cost recurs. Used with Unit Price to calculate amounts.","Quanto spesso ricorre questo costo. Usato con Prezzo Unitario per calcolare gli importi.",""
"I understand: manual refresh on a closed year may alter historical data.","Ho capito: l'aggiornamento manuale su un anno chiuso può alterare i dati storici.",""
"If enabled, the amounts entered include VAT.","Se abilitato, gli importi inseriti includono l'IVA.",""
"If enabled, this line is generated and should be read-only.","Se abilitato, questa riga è generata e dovrebbe essere di sola lettura.",""
"If set, overrides distribution placing the amount in spend_date month.","Se impostato, sovrascrive la distribuzione posizionando l'importo nel mese della data di spesa.",""
"Is Covered","È Coperto",""
"Is Generated","È Generato",""
"Line Kind","Tipo Riga",""
"Line {0}: Cost Center is required.","Riga {0}: Il Centro di Costo è obbligatorio.",""
"Links","Collegamenti",""
"Live budget for year {0} already exists: {1}.","Il budget Live per l'anno {0} esiste già: {1}.",""
"Live budgets are system-managed. Remove manual line at position {0}.","I budget Live sono gestiti dal sistema. Rimuovi la riga manuale alla posizione {0}.",""
"Live budgets cannot be submitted.","I budget Live non possono essere inviati.",""
"Live budgets cannot be submitted. Create a Snapshot instead.","I budget Live non possono essere inviati. Crea invece uno Snapshot.",""
"MPIT Overview","Panoramica MPIT",""
"MPIT Overview (Report)","Panoramica MPIT (Report)",""
"MPIT Settings","Impostazioni MPIT",""
"Manual refresh on closed year by {0}. Reason: {1}","Aggiornamento manuale su anno chiuso da {0}. Motivo: {1}",""
"Meta","Meta",""
"Monthly Amount","Importo Mensile",""
"Monthly Amount (Net)","Importo Mensile (Netto)",""
"Monthly Plan v3","Piano Mensile v3",""
"Monthly amount. Enter here OR in Annual Amount - the other will be calculated.","Importo mensile. Inserisci qui O in Importo Annuale - l'altro verrà calcolato.",""
"Monthly plan respecting spend_date and distribution","Piano mensile rispettando data di spesa e distribuzione",""
"Motivation for the addendum.","Motivazione per l'addendum.",""
"Next N Days","Prossimi N Giorni",""
"No Data","Nessun Dato",""
"No reason provided.","Nessuna motivazione fornita.",""
"Only Changed","Solo Modificati",""
"Only Live budgets can be refreshed.","Solo i budget Live possono essere aggiornati.",""
"Only Snapshot budgets can be submitted.","Solo i budget Snapshot possono essere inviati.",""
"Only vCIO Manager can revert a Verified entry to Recorded.","Solo il vCIO Manager può riportare una voce Verificata a Registrata.",""
"Out of Horizon","Fuori Orizzonte",""
"Over Cap: {0}","Oltre Plafond: {0}",""
"Overview Dashboard","Dashboard Panoramica",""
"Overview consolidato con filtri globali","Overview consolidato con filtri globali",""
"Parent Cost Center","Centro di Costo Padre",""
"Plan (Live): {0}","Piano (Live): {0}",""
"Plan vs Cap vs Actual","Piano vs Plafond vs Effettivo",""
"Plan vs Cap vs Actual per Cost Center","Piano vs Plafond vs Effettivo per Centro di Costo",""
"Planned Item (Delta)","Voce Pianificata (Delta)",""
"Planned Item (coverage)","Voce Pianificata (copertura)",""
"Planned Item {0}: linked project missing.","Voce Pianificata {0}: progetto collegato mancante.",""
"Planned Items (Submitted)","Voci Pianificate (Inviate)",""
"Planned Total (Net)","Totale Pianificato (Netto)",""
"Planned end date cannot be before planned start date.","La data di fine pianificata non può essere precedente alla data di inizio pianificata.",""
"Please save the document first.","Salva prima il documento.",""
"Prefix for Budget document names.","Prefisso per i nomi dei documenti Budget.",""
"Prefix for Contract document names.","Prefisso per i nomi dei documenti Contratto.",""
"Prefix for Exceptions / Allowance Entry document names.","Prefisso per i nomi dei documenti Eccezioni / Allowance.",""
"Prefix for Project document names.","Prefisso per i nomi dei documenti Progetto.",""
"Price per unit per period (based on recurrence). Leave empty to use monthly/annual amounts directly.","Prezzo per unità per periodo (basato sulla ricorrenza). Lasciare vuoto per usare direttamente gli importi mensili/annuali.",""
"Pricing","Prezzi",""
"Print Density","Densità di Stampa",""
"Print Orientation","Orientamento Stampa",""
"Print Profile","Profilo di Stampa",""
"Print Settings","Impostazioni di Stampa",""
"Project (Delta)","Progetto (Delta)",""
"Project Digits","Cifre Progetto",""
"Project is active ({0}) but has no Planned Items. It will not generate lines in the Live Budget.","Il progetto è attivo ({0}) ma non ha Voci Pianificate. Non genererà righe nel Budget Live.",""
"Project {0} is missing Cost Center required by Planned Item {1}.","Il progetto {0} manca del Centro di Costo richiesto dalla Voce Pianificata {1}.",""
"Projects by Status","Progetti per Stato",""
"Qty","Qta",""
"Quantity (e.g., number of licenses, units). Default is 1.","Quantità (es. numero di licenze, unità). Predefinito è 1.",""
"Quoted (Approved)","Preventivato (Approvato)",""
"Quoted Total (Net)","Totale Preventivato (Netto)",""
"Reason (optional)","Motivo (opzionale)",""
"Reason is required.","Il motivo è obbligatorio.",""
"Reference Snapshot","Snapshot di Riferimento",""
"Reference Snapshot and Year are required.","Snapshot di Riferimento e Anno sono obbligatori.",""
"Reference Snapshot has no Allowance line for Cost Center {0}.","Lo Snapshot di Riferimento non ha una riga Allowance per il Centro di Costo {0}.",""
"Reference Snapshot must be an approved Snapshot for year {0}.","Lo Snapshot di Riferimento deve essere uno Snapshot approvato per l'anno {0}.",""
"Refresh cancelled: confirmation is required.","Aggiornamento annullato: è richiesta la conferma.",""
"Refresh from Sources","Aggiorna da Fonti",""
"Refresh manual su anno chiuso","Aggiornamento manuale su anno chiuso",""
"Refresh on out-of-horizon year (manual only): proceed with caution.","Aggiornamento su anno fuori orizzonte (solo manuale): procedere con cautela.",""
"Remaining: {0}","Rimanente: {0}",""
"Renewals Window","Finestra Rinnovi",""
"Renewals Window (by Month)","Finestra Rinnovi (per Mese)",""
"Renewals {0}d","Rinnovi {0}g",""
"Reports","Report",""
"Rinnovo automatico contratto: {{ doc.title }} ({{ doc.vendor }})","Rinnovo automatico contratto: {{ doc.title }} ({{ doc.vendor }})",""
"Scadenza contratto: {{ doc.title }} ({{ doc.vendor }})","Scadenza contratto: {{ doc.title }} ({{ doc.vendor }})",""
"Select Year","Seleziona Anno",""
"Set both planned start and end date, or clear both.","Imposta sia la data di inizio che quella di fine pianificata, o puliscile entrambe.",""
"Settings","Impostazioni",""
"Short code used for Addendum autoname.","Codice breve usato per denominazione automatica Addendum.",""
"Short title (e.g. ""2025 Forecast"").","Short title (e.g. ""2025 Forecast"").",""
"Snapshot","Snapshot",""
"Snapshot (APP) for the same year.","Snapshot (Approvato) per lo stesso anno.",""
"Snapshot Allowance","Allowance Snapshot",""
"Snapshot budget line {0}: Cost Center is required.","Riga budget Snapshot {0}: Il Centro di Costo è obbligatorio.",""
"Snapshot budgets allow only Allowance manual lines (row {0}).","I budget Snapshot permettono solo righe manuali Allowance (riga {0}).",""
"Snapshot budgets are immutable.","I budget Snapshot sono immutabili.",""
"Snapshot {0} created from this Live budget.","Snapshot {0} creato da questo budget Live.",""
"Snapshot {0} created successfully.","Snapshot {0} creato con successo.",""
"Snapshots can only be created from Live budgets.","Gli Snapshot possono essere creati solo da budget Live.",""
"Solo per line_kind=Contract (read-only se generata).","Solo per line_kind=Contract (solo lettura se generata).",""
"Solo per line_kind=Project (read-only se generata).","Solo per line_kind=Project (solo lettura se generata).",""
"Sorgente riga (Contract, Project, Allowance cap, Manual).","Sorgente riga (Contract, Project, Allowance cap, Manual).",""
"Source Key","Chiave Sorgente",""
"Source budget name is required","Il nome del budget sorgente è obbligatorio",""
"Spend Date","Data di Spesa",""
"Spend Date cannot be in the past.","La data di spesa non può essere nel passato.",""
"Spend Date must fall between Start Date and End Date.","La data di spesa deve ricadere tra la Data Inizio e la Data Fine.",""
"Start Date and End Date are required.","Data Inizio e Data Fine sono obbligatorie.",""
"Start Date cannot be after End Date","La Data Inizio non può essere successiva alla Data Fine",""
"Submit the Snapshot to approve it.","Invia lo Snapshot per approvarlo.",""
"Submitted Planned Items are read-only (field {0}).","Le Voci Pianificate Inviate sono di sola lettura (campo {0}).",""
"Summary Year","Anno di Riepilogo",""
"This will create an immutable Snapshot (APP) from this Live budget. Continue?","Questo creerà uno Snapshot immutabile (APP) da questo budget Live. Continuare?",""
"Total Annual Amount","Importo Totale Annuale",""
"Total Monthly Amount","Importo Totale Mensile",""
"Total planned net from allocations.","Totale netto pianificato dalle allocazioni.",""
"Total quoted net amount.","Totale netto preventivato.",""
"Uncovered","Scoperto",""
"Uncovered (cleared covered_by)","Scoperto (rimosso covered_by)",""
"Unit Price","Prezzo Unitario",""
"Unknown","Sconosciuto",""
"Unsupported Budget Type: {0}","Tipo Budget non supportato: {0}",""
"VAT","IVA",""
"Variance / Exception Entries","Voci Varianza / Eccezione",""
"Verified Exceptions","Eccezioni Verificate",""
"Verified entries are read-only (field {0}).","Le voci Verificate sono di sola lettura (campo {0}).",""
"Year and Budget Type are required to generate Budget name","Anno e Tipo Budget sono richiesti per generare il nome del Budget",""
"Year and Cost Center are required","Anno e Centro di Costo sono obbligatori",""
"Year and Cost Center are required to name the Addendum.","Anno e Centro di Costo sono richiesti per nominare l'Addendum.",""
"Year closed: auto-refresh is OFF. Manual refresh may modify historical data.","Anno chiuso: auto-refresh DISATTIVATO. L'aggiornamento manuale potrebbe modificare i dati storici.",""
"Year used for budget summary.","Anno usato per il riepilogo budget.",""
"Years","Anni",""
